real,RF,word2,season,No
0,0,2016_Jan_27_8,1,246
0,0,2016_Jan_21_13,1,185
0,0,2016_Jan_19_6,1,167
1,1,2016_Jan_26_0,1,226
0,0,2016_Jan_15_0,1,141
0,0,2016_Jan_6_7,1,82
0,0,2016_Feb_9_3,1,42
0,0,2016_Jan_5_3,1,70
0,0,2016_Jan_22_13,1,199
0,0,2016_Feb_10_3,1,52
0,0,2016_Jan_11_12,1,104
0,0,2016_Jan_22_5,1,205
0,0,2016_Jan_8_4,1,96
0,0,2016_Jan_23_1,1,211
0,0,2016_Jan_21_12,1,184
0,0,2016_Feb_9_13,1,39
0,0,2016_Jan_22_4,1,204
0,0,2016_Jan_20_5,1,176
0,0,2016_Feb_1_1,1,1
0,0,2016_Jan_22_10,1,196
0,0,2016_Feb_3_4,1,16
0,0,2016_Jan_12_4,1,119
0,0,2016_Jan_9_2,1,99
0,0,2016_Jan_18_0,1,160
0,0,2016_Jan_6_6,1,81
0,0,2016_Jan_14_5,1,137
0,0,2016_Feb_9_2,1,41
0,0,2016_Jan_26_5,1,231
0,1,2016_Jan_6_2,1,77
0,0,2016_Jan_21_3,1,188
0,0,2016_Jan_5_5,1,72
0,0,2016_Feb_7_1,1,26
0,0,2016_Jan_22_12,1,198
0,0,2016_Jan_22_7,1,207
0,0,2016_Jan_25_2,1,219
0,0,2016_Jan_16_0,1,147
0,0,2016_Jan_7_2,1,85
0,0,2016_Jan_12_3,1,118
0,0,2016_Jan_11_0,1,101
0,0,2016_Feb_3_2,1,14
0,0,2016_Jan_27_5,1,243
0,0,2016_Feb_10_5,1,54
0,0,2016_Jan_22_6,1,206
0,0,2016_Feb_2_1,1,11
0,0,2016_Jan_16_6,1,153
0,0,2016_Feb_7_3,1,28
0,0,2016_Jan_27_9,1,247
0,0,2016_Mar_6_1,2,120
0,0,2016_Mar_22_12,2,219
0,0,2016_Mar_12_0,2,152
0,0,2016_Apr_5_6,2,34
0,0,2016_Apr_4_2,2,21
0,0,2016_Mar_3_5,2,106
0,0,2016_Apr_7_4,2,48
0,0,2016_Mar_11_1,2,150
0,0,2016_Feb_26_3,2,55
0,0,2016_Mar_24_2,2,246
0,0,2016_Mar_13_7,2,163
0,0,2016_Apr_4_17,2,18
0,0,2016_Mar_28_7,2,267
0,0,2016_Mar_21_8,2,214
0,0,2016_Mar_23_8,2,243
0,0,2016_Mar_28_2,2,263
0,0,2016_Mar_29_1,2,269
0,0,2016_Mar_8_6,2,135
0,0,2016_Apr_4_9,2,27
0,0,2016_Apr_7_6,2,50
0,0,2016_Mar_4_0,2,111
0,0,2016_Mar_24_8,2,252
0,1,2016_Mar_2_5,2,94
0,1,2016_Mar_25_4,2,256
0,0,2016_Mar_22_3,2,225
0,0,2016_Mar_7_0,2,122
0,0,2016_Feb_29_0,2,66
0,0,2016_Mar_2_2,2,91
0,0,2016_Apr_5_4,2,32
0,0,2016_Apr_2_4,2,6
0,0,2016_Mar_12_1,2,153
0,0,2016_Apr_4_13,2,16
0,0,2016_Mar_8_1,2,131
0,0,2016_Mar_1_15,2,77
0,0,2016_Mar_8_2,2,132
0,0,2016_Apr_4_7,2,25
0,0,2016_Mar_1_3,2,83
0,0,2016_Mar_16_10,2,174
0,0,2016_Feb_28_2,2,60
0,0,2016_Apr_4_11,2,14
0,0,2016_Mar_1_10,2,72
0,0,2016_Mar_28_0,2,262
0,0,2016_Mar_21_1,2,207
0,0,2016_Mar_3_12,2,100
0,0,2016_Mar_23_2,2,238
0,0,2016_Apr_5_5,2,33
0,0,2016_Mar_31_10,2,271
0,0,2016_Mar_19_2,2,201
0,1,2016_Apr_2_0,2,3
0,0,2016_Apr_7_3,2,47
0,0,2016_Mar_16_1,2,176
0,0,2016_May_3_0,3,92
0,0,2016_May_23_6,3,305
0,0,2016_May_1_0,3,68
0,0,2016_May_20_3,3,280
0,0,2016_May_2_20,3,81
0,0,2016_May_3_10,3,93
0,0,2016_Apr_26_3,3,32
0,0,2016_May_9_16,3,152
0,0,2016_Apr_27_3,3,42
0,0,2016_May_21_1,3,283
0,0,2016_May_16_12,3,219
0,0,2016_May_2_13,3,73
0,0,2016_May_19_3,3,271
0,0,2016_May_8_0,3,141
0,0,2016_May_13_0,3,199
0,0,2016_May_16_21,3,229
0,0,2016_May_16_5,3,233
0,0,2016_May_3_3,3,102
0,0,2016_May_11_6,3,185
0,0,2016_May_2_10,3,70
0,0,2016_May_24_4,3,313
0,0,2016_May_18_9,3,260
0,0,2016_May_2_19,3,79
0,0,2016_May_9_7,3,166
0,0,2016_May_15_1,3,211
0,0,2016_May_9_20,3,157
1,1,2016_May_9_13,3,149
0,0,2016_May_30_5,3,367
0,0,2016_May_31_3,3,379
0,0,2016_May_16_18,3,225
0,0,2016_May_20_1,3,279
0,0,2016_May_24_5,3,314
0,0,2016_Apr_22_5,3,6
0,0,2016_May_19_12,3,264
0,0,2016_May_31_4,3,380
0,0,2016_May_10_1,3,170
0,1,2016_May_3_14,3,97
0,0,2016_May_18_6,3,257
0,0,2016_May_12_6,3,195
0,0,2016_May_31_7,3,383
0,0,2016_May_26_8,3,343
0,0,2016_May_31_13,3,372
0,0,2016_May_27_0,3,345
0,0,2016_May_4_9,3,125
0,0,2016_May_18_8,3,259
0,0,2016_May_9_4,3,163
0,0,2016_May_29_3,3,357
0,0,2016_May_12_10,3,187
0,0,2016_May_17_3,3,244
0,0,2016_May_10_3,3,172
0,0,2016_May_9_23,3,160
0,0,2016_May_31_12,3,371
0,0,2016_Apr_25_2,3,22
0,0,2016_May_15_4,3,214
0,0,2016_May_12_5,3,194
0,0,2016_May_22_1,3,287
0,0,2016_Jun_1_5,3,63
0,0,2016_May_29_0,3,354
0,0,2016_May_11_1,3,180
0,0,2016_May_9_10,3,146
0,0,2016_May_2_6,3,88
0,0,2016_May_3_2,3,101
0,0,2016_May_31_16,3,375
0,0,2016_May_12_4,3,193
0,0,2016_May_9_14,3,150
0,0,2016_May_2_8,3,90
0,0,2016_May_4_8,3,124
0,0,2016_May_25_6,3,329
0,0,2016_Jun_23_2,4,372
0,1,2016_Jul_20_10,4,202
0,0,2016_Jul_24_4,4,266
0,0,2016_Jul_11_3,4,92
0,0,2016_Jul_13_2,4,115
0,1,2016_Jun_25_4,4,383
0,0,2016_Jul_18_9,4,168
0,0,2016_Jul_25_16,4,277
0,0,2016_Jul_18_20,4,160
0,0,2016_Jun_17_4,4,321
0,0,2016_Jul_23_4,4,256
0,0,2016_Jun_25_6,4,385
0,0,2016_Jul_25_13,4,274
0,0,2016_Jun_20_3,4,338
0,0,2016_Jul_14_0,4,119
0,0,2016_Jul_16_0,4,139
0,0,2016_Jul_5_7,4,21
0,0,2016_Jul_8_6,4,57
0,0,2016_Jun_22_1,4,361
0,0,2016_Jul_27_6,4,303
0,0,2016_Jun_30_7,4,435
0,0,2016_Jul_27_5,4,302
0,0,2016_Jul_8_1,4,52
0,0,2016_Jul_23_2,4,254
0,0,2016_Jul_9_8,4,68
0,0,2016_Jun_30_0,4,427
0,0,2016_Jun_30_10,4,428
0,0,2016_Jul_23_5,4,257
0,0,2016_Jun_27_11,4,393
0,1,2016_Jun_22_6,4,366
0,0,2016_Jul_6_8,4,44
0,0,2016_Jul_21_7,4,230
0,0,2016_Jul_14_3,4,122
0,0,2016_Jul_15_3,4,132
0,0,2016_Jul_9_2,4,62
0,0,2016_Jul_25_11,4,272
0,0,2016_Jul_6_10,4,25
0,0,2016_Jul_21_0,4,216
0,0,2016_Jul_18_4,4,163
0,0,2016_Jul_5_6,4,20
0,0,2016_Jun_24_0,4,376
0,0,2016_Jun_30_2,4,430
0,2,2016_Jul_25_12,4,273
0,0,2016_Jul_20_14,4,206
0,0,2016_Jun_22_10,4,359
0,0,2016_Jul_18_16,4,155
1,1,2016_Jul_20_5,4,211
0,0,2016_Jul_12_10,4,100
0,0,2016_Jul_5_3,4,17
0,0,2016_Jul_19_4,4,195
0,0,2016_Jul_9_4,4,64
0,0,2016_Jul_9_1,4,61
0,0,2016_Jun_19_5,4,332
0,0,2016_Jul_19_2,4,190
0,0,2016_Jul_28_6,4,313
0,0,2016_Jun_30_5,4,433
0,0,2016_Jun_22_3,4,363
0,0,2016_Jun_22_9,4,369
0,0,2016_Jul_6_11,4,26
0,0,2016_Jul_25_7,4,288
0,0,2016_Jul_10_3,4,72
0,0,2016_Jul_15_8,4,137
0,0,2016_Jul_19_14,4,173
0,0,2016_Jun_21_5,4,353
0,0,2016_Jun_17_1,4,318
0,0,2016_Jul_11_10,4,74
0,0,2016_Jul_11_2,4,91
0,0,2016_Jun_27_5,4,400
0,0,2016_Jul_25_1,4,281
0,0,2016_Jun_27_4,4,399
0,0,2016_Jun_17_0,4,317
0,0,2016_Jun_20_5,4,340
0,0,2016_Jul_7_0,4,46
0,0,2016_Jul_18_10,4,149
0,0,2016_Aug_31_2,5,219
0,0,2016_Aug_15_15,5,38
1,1,2016_Sep_9_1,5,317
0,1,2016_Aug_27_3,5,171
0,0,2016_Aug_16_3,5,57
0,0,2016_Sep_8_8,5,314
0,0,2016_Aug_15_5,5,44
0,0,2016_Aug_30_0,5,209
0,0,2016_Aug_22_20,5,111
0,0,2016_Aug_24_3,5,144
0,0,2016_Aug_27_6,5,174
0,0,2016_Aug_29_28,5,200
0,0,2016_Sep_17_0,5,355
1,1,2016_Aug_12_0,5,0
0,0,2016_Aug_31_0,5,217
0,0,2016_Sep_9_3,5,319
0,0,2016_Sep_17_2,5,357
0,0,2016_Aug_13_0,5,13
0,0,2016_Aug_19_5,5,89
0,0,2016_Aug_27_1,5,169
0,0,2016_Aug_16_1,5,55
0,0,2016_Sep_8_14,5,301
0,0,2016_Sep_20_0,5,388
0,0,2016_Aug_26_7,5,167
0,0,2016_Aug_25_7,5,158
0,0,2016_Aug_30_2,5,211
0,0,2016_Sep_6_1,5,273
0,0,2016_Sep_19_16,5,371
0,2,2016_Aug_27_4,5,172
0,0,2016_Sep_19_1,5,375
0,0,2016_Aug_15_14,5,37
0,0,2016_Aug_30_7,5,216
0,0,2016_Sep_22_4,5,416
0,0,2016_Aug_28_3,5,178
0,0,2016_Aug_26_2,5,162
0,0,2016_Aug_27_5,5,173
0,0,2016_Sep_9_0,5,316
0,0,2016_Aug_20_1,5,93
0,0,2016_Sep_21_5,5,410
0,0,2016_Sep_22_0,5,412
0,0,2016_Sep_10_4,5,326
0,0,2016_Sep_6_14,5,267
0,0,2016_Sep_7_7,5,293
0,0,2016_Aug_29_15,5,186
0,0,2016_Aug_15_9,5,48
0,0,2016_Aug_22_19,5,109
0,0,2016_Sep_12_10,5,332
0,1,2016_Sep_5_1,5,260
1,1,2016_Sep_19_14,5,369
0,0,2016_Aug_24_6,5,147
0,0,2016_Aug_17_3,5,69
0,1,2016_Aug_14_7,5,29
0,0,2016_Aug_29_10,5,181
0,0,2016_Aug_13_5,5,18
0,0,2016_Aug_27_2,5,170
0,0,2016_Sep_10_2,5,324
0,0,2016_Aug_29_3,5,202
0,0,2016_Sep_6_5,5,277
0,0,2016_Sep_2_6,5,245
0,0,2016_Aug_29_8,5,207
0,0,2016_Aug_25_4,5,155
0,0,2016_Aug_22_18,5,108
0,0,2016_Sep_10_0,5,322
0,0,2016_Sep_8_0,5,296
0,0,2016_Aug_25_6,5,157
0,0,2016_Sep_7_9,5,295
0,0,2016_Sep_7_1,5,287
0,0,2016_Sep_19_18,5,373
0,0,2016_Aug_29_14,5,185
0,0,2016_Sep_3_4,5,253
0,0,2016_Aug_17_7,5,73
0,0,2016_Sep_1_0,5,227
0,0,2016_Sep_20_6,5,401
0,0,2016_Aug_17_5,5,71
0,0,2016_Aug_18_4,5,80
0,0,2016_Aug_28_4,5,179
0,0,2016_Sep_8_2,5,308
0,0,2016_Aug_12_3,5,6
0,1,2016_Aug_22_23,5,114
0,0,2016_Oct_22_0,6,293
0,0,2016_Nov_2_8,6,17
0,0,2016_Nov_14_6,6,105
0,0,2016_Oct_25_1,6,314
0,0,2016_Nov_9_0,6,71
0,1,2016_Oct_13_6,6,205
0,0,2016_Oct_7_3,6,149
0,0,2016_Nov_6_0,6,41
0,0,2016_Nov_14_10,6,94
0,0,2016_Oct_13_0,6,196
0,1,2016_Oct_8_4,6,160
0,0,2016_Nov_16_0,6,121
0,0,2016_Oct_21_14,6,283
0,0,2016_Oct_16_1,6,248
0,0,2016_Nov_3_11,6,20
0,0,2016_Nov_3_2,6,23
0,0,2016_Oct_22_1,6,294
0,0,2016_Nov_15_6,6,117
0,0,2016_Nov_2_1,6,10
0,0,2016_Nov_4_1,6,32
0,0,2016_Nov_9_8,6,79
0,0,2016_Oct_11_16,6,173
0,0,2016_Oct_24_10,6,301
0,1,2016_Oct_11_11,6,168
0,0,2016_Oct_18_11,6,251
0,0,2016_Oct_31_10,6,348
0,0,2016_Oct_27_6,6,333
0,0,2016_Oct_31_11,6,349
0,0,2016_Nov_10_1,6,82
0,0,2016_Oct_18_5,6,261
0,0,2016_Oct_13_2,6,201
0,0,2016_Oct_15_1,6,238
0,1,2016_Oct_13_3,6,202
0,0,2016_Nov_7_1,6,52
0,0,2016_Oct_13_12,6,199
0,0,2016_Oct_21_0,6,278
0,0,2016_Nov_3_10,6,19
0,0,2016_Oct_15_9,6,246
0,0,2016_Nov_15_2,6,113
0,0,2016_Oct_24_5,6,308
0,0,2016_Nov_1_5,6,5
0,0,2016_Oct_11_21,6,179
0,0,2016_Nov_16_14,6,126
0,0,2016_Nov_16_5,6,131
0,0,2016_Nov_5_1,6,37
0,0,2016_Nov_16_11,6,123
0,0,2016_Oct_10_0,6,163
0,0,2016_Oct_18_4,6,260
0,0,2016_Oct_7_5,6,151
1,1,2016_Nov_8_2,6,63
0,1,2016_Nov_16_2,6,128
0,0,2016_Oct_12_4,6,193
0,0,2016_Nov_5_3,6,39
0,0,2016_Oct_24_12,6,303
0,0,2016_Oct_11_13,6,170
0,1,2016_Oct_28_2,6,338
0,0,2016_Oct_19_2,6,268
1,1,2016_Oct_24_8,6,311
0,0,2016_Oct_14_7,6,231
0,0,2016_Oct_24_7,6,310
0,0,2016_Nov_15_5,6,116
0,0,2016_Oct_19_3,6,269
0,0,2016_Oct_18_3,6,259
0,0,2016_Oct_18_0,6,249
0,0,2016_Nov_8_9,6,70
0,0,2016_Dec_17_1,7,104
0,0,2016_Dec_3_3,7,3
0,0,2016_Dec_7_7,7,36
0,0,2017_Jan_11_4,7,192
0,0,2016_Dec_18_2,7,107
0,1,2016_Dec_13_0,7,63
0,0,2016_Dec_6_9,7,24
0,0,2016_Dec_5_1,7,10
0,1,2017_Jan_9_7,7,177
0,0,2017_Jan_9_5,7,176
0,0,2016_Dec_10_3,7,49
0,0,2016_Dec_21_3,7,124
0,0,2016_Dec_7_3,7,33
0,0,2016_Dec_24_0,7,130
0,1,2017_Jan_11_2,7,190
0,0,2017_Jan_10_7,7,186
0,0,2017_Jan_12_2,7,197
0,0,2016_Dec_21_1,7,122
0,0,2016_Dec_19_1,7,114
0,0,2016_Dec_12_4,7,59
0,0,2016_Dec_10_1,7,47
0,0,2017_Jan_4_10,7,151
0,0,2016_Dec_7_0,7,25
0,0,2016_Dec_21_7,7,128
0,0,2016_Dec_15_9,7,97
0,0,2016_Dec_27_3,7,138
0,0,2016_Dec_18_1,7,106
0,0,2016_Dec_25_1,7,132
0,0,2017_Jan_5_0,7,164
0,0,2016_Dec_13_10,7,64
0,0,2016_Dec_6_3,7,21
0,0,2016_Dec_18_6,7,111
0,0,2016_Dec_14_9,7,85
0,0,2017_Mar_7_4,8,255
0,0,2017_Feb_6_10,8,36
0,0,2017_Feb_23_3,8,153
0,0,2017_Feb_6_18,8,44
0,0,2017_Feb_9_9,8,84
0,0,2017_Jan_27_3,8,179
0,0,2017_Mar_4_0,8,218
0,0,2017_Feb_25_0,8,162
0,0,2017_Feb_10_6,8,91
0,0,2017_Feb_23_4,8,154
0,0,2017_Feb_24_0,8,155
0,1,2017_Mar_7_2,8,253
0,0,2017_Feb_9_16,8,74
0,0,2017_Feb_13_4,8,102
0,0,2017_Feb_28_4,8,175
0,0,2017_Mar_2_1,8,210
0,0,2017_Feb_7_3,8,58
0,0,2017_Feb_7_5,8,60
1,1,2017_Feb_3_11,8,14
0,0,2017_Jan_31_6,8,197
0,0,2017_Feb_4_2,8,29
0,0,2017_Mar_7_12,8,248
0,0,2017_Jan_31_3,8,194
0,0,2017_Mar_6_13,8,232
1,1,2017_Feb_2_3,8,5
0,0,2017_Feb_3_10,8,13
0,0,2017_Mar_7_3,8,254
0,0,2017_Mar_9_5,8,280
0,0,2017_Feb_7_1,8,56
0,0,2017_Mar_9_2,8,277
0,0,2017_Jan_30_0,8,186
0,0,2017_Mar_7_13,8,249
0,0,2017_Feb_22_8,8,149
0,0,2017_Feb_20_0,8,132
0,0,2017_Feb_28_1,8,172
0,0,2017_Feb_23_2,8,152
0,0,2017_Feb_3_3,8,20
0,0,2017_Mar_8_13,8,265
0,0,2017_Feb_2_7,8,9
0,0,2017_Feb_1_0,8,0
0,0,2017_Feb_10_0,8,85
0,0,2017_Feb_10_2,8,87
0,0,2017_Jan_31_7,8,198
0,0,2017_Feb_13_1,8,99
0,0,2017_Feb_3_12,8,15
0,0,2017_Feb_7_6,8,61
0,0,2017_Feb_9_10,8,68
0,0,2017_Apr_7_18,9,45
0,0,2017_Apr_20_2,9,150
0,0,2017_Apr_25_13,9,182
0,0,2017_Mar_28_13,9,248
0,0,2017_May_2_12,9,306
0,0,2017_May_1_11,9,289
0,0,2017_Apr_25_3,9,186
0,0,2017_May_3_5,9,322
0,0,2017_Apr_14_6,9,114
0,0,2017_Apr_10_13,9,70
0,0,2017_Apr_10_2,9,73
0,0,2017_Apr_10_3,9,74
0,0,2017_Apr_3_8,9,10
0,0,2017_Apr_14_7,9,115
0,0,2017_Apr_28_0,9,205
0,0,2017_Apr_7_6,9,58
0,0,2017_Mar_27_24,9,234
0,0,2017_Apr_8_1,9,63
0,0,2017_Apr_3_1,9,3
0,0,2017_May_4_0,9,323
0,0,2017_May_2_11,9,305
0,0,2017_Apr_18_6,9,138
0,0,2017_Apr_4_8,9,20
0,1,2017_Mar_28_7,9,262
0,0,2017_Apr_30_2,9,211
0,0,2017_Mar_27_6,9,240
0,0,2017_Apr_7_12,9,39
0,0,2017_Apr_14_5,9,113
0,2,2017_Apr_18_8,9,140
0,0,2017_Apr_10_1,9,72
0,0,2017_Apr_12_1,9,96
0,0,2017_Apr_19_1,9,143
0,0,2017_Apr_7_16,9,43
0,0,2017_Apr_5_4,9,26
0,0,2017_Apr_6_3,9,34
0,0,2017_Mar_31_4,9,281
0,0,2017_Mar_28_5,9,260
0,0,2017_Mar_27_22,9,232
1,0,2017_Apr_10_11,9,68
1,0,2017_Apr_10_6,9,77
1,0,2017_Apr_3_5,9,7
1,1,2017_Mar_27_2,9,236
1,0,2017_Apr_26_1,9,193
1,0,2017_Mar_27_25,9,235
1,0,2017_May_1_16,9,293
1,0,2017_Apr_23_1,9,161
1,0,2017_Apr_15_1,9,119
1,0,2017_May_4_5,9,337
1,0,2017_Apr_13_0,9,99
0,0,2017_Apr_19_0,9,142
1,1,2017_Apr_20_6,9,154
1,0,2017_Apr_13_6,9,105
1,0,2017_May_1_1,9,294
1,0,2017_Mar_29_0,9,265
1,0,2017_Apr_17_3,9,124
1,0,2017_Apr_3_9,9,11
0,0,2017_Jun_29_12,10,305
1,0,2017_May_24_0,10,358
0,0,2017_Jun_29_11,10,304
1,0,2017_May_19_6,10,327
1,0,2017_May_22_11,10,337
0,0,2017_Jun_22_9,10,239
1,0,2017_Jun_5_15,10,34
1,0,2017_Jun_27_15,10,279
1,0,2017_Jun_19_7,10,200
1,0,2017_Jun_24_4,10,254
1,2,2017_May_31_1,10,416
1,0,2017_Jun_29_15,10,308
1,0,2017_Jun_20_10,10,204
1,0,2017_Jun_26_10,10,261
1,1,2017_Jun_4_2,10,20
1,0,2017_May_27_0,10,390
1,0,2017_Jun_23_7,10,247
1,0,2017_Jun_17_1,10,174
1,0,2017_Jun_4_13,10,16
0,0,2017_Jun_27_18,10,282
1,0,2017_Jun_19_17,10,191
1,0,2017_Jun_6_2,10,57
1,1,2017_Jun_20_1,10,205
1,0,2017_May_24_6,10,366
1,0,2017_Jun_6_4,10,59
1,0,2017_May_22_1,10,343
0,0,2017_Jun_20_4,10,208
1,0,2017_Jun_11_2,10,102
1,0,2017_Jun_8_18,10,76
1,0,2017_Jun_21_8,10,224
0,0,2017_Jun_19_0,10,183
1,0,2017_Jun_4_14,10,17
1,0,2017_Jun_26_6,10,269
1,0,2017_Jun_22_7,10,237
0,0,2017_Jun_12_9,10,125
1,0,2017_May_29_3,10,400
1,0,2017_Jun_23_8,10,248
1,0,2017_Jun_9_5,10,95
1,0,2017_Jun_16_5,10,168
0,0,2017_Jun_5_14,10,33
1,1,2017_Jun_23_9,10,249
0,0,2017_Jun_12_4,10,120
1,0,2017_Jun_20_6,10,210
1,0,2017_Jun_29_13,10,306
1,0,2017_Jun_9_7,10,97
1,0,2017_May_28_1,10,393
1,0,2017_May_23_0,10,352
0,0,2017_Jun_19_1,10,194
0,0,2017_Jun_5_0,10,28
1,0,2017_Jun_29_16,10,309
0,0,2017_Jun_21_6,10,222
0,0,2017_Jun_15_5,10,157
1,0,2017_Jun_6_0,10,55
1,0,2017_Jun_23_4,10,244
0,0,2017_Jun_6_8,10,63
0,0,2017_Jun_24_3,10,253
1,0,2017_Jun_12_13,10,111
1,0,2017_Jun_29_10,10,303
1,1,2017_Jun_11_1,10,101
0,0,2017_Jun_20_3,10,207
1,0,2017_May_30_12,10,404
1,0,2017_Jun_8_2,10,78
1,0,2017_Jun_26_7,10,270
0,0,2017_Jun_17_3,10,176
1,1,2017_May_30_9,10,413
1,0,2017_Aug_14_2,11,113
1,0,2017_Aug_8_2,11,64
1,0,2017_Jul_19_2,11,230
1,1,2017_Jul_17_13,11,212
1,0,2017_Jul_23_1,11,245
1,1,2017_Aug_17_4,11,144
1,1,2017_Aug_16_8,11,138
1,0,2017_Jul_25_5,11,267
1,0,2017_Jul_28_6,11,291
1,1,2017_Aug_23_1,11,187
1,0,2017_Aug_15_6,11,127
1,0,2017_Aug_14_5,11,116
1,1,2017_Jul_24_11,11,249
1,0,2017_Aug_7_10,11,41
1,0,2017_Aug_22_10,11,173
1,1,2017_Aug_14_4,11,115
1,0,2017_Aug_23_4,11,190
1,0,2017_Aug_17_1,11,141
1,0,2017_Jul_22_0,11,242
1,0,2017_Aug_10_9,11,93
1,0,2017_Aug_8_0,11,62
1,0,2017_Aug_16_9,11,139
1,0,2017_Aug_10_3,11,87
1,0,2017_Aug_2_0,11,10
1,0,2017_Aug_3_1,11,25
1,0,2017_Jul_14_0,11,195
1,0,2017_Aug_22_8,11,184
1,0,2017_Aug_7_1,11,51
0,0,2017_Jul_17_1,11,215
0,0,2017_Jul_24_7,11,259
1,0,2017_Aug_2_6,11,18
1,0,2017_Jul_23_0,11,244
1,0,2017_Jul_24_15,11,253
1,0,2017_Jul_29_4,11,296
1,0,2017_Aug_22_0,11,172
1,0,2017_Jul_14_3,11,198
1,0,2017_Aug_15_8,11,129
1,0,2017_Aug_22_4,11,180
1,0,2017_Aug_3_8,11,32
1,0,2017_Aug_13_1,11,107
1,0,2017_Aug_21_13,11,162
1,0,2017_Jul_27_1,11,281
1,0,2017_Aug_9_11,11,67
1,0,2017_Jul_17_7,11,221
1,0,2017_Aug_16_4,11,134
1,0,2017_Jul_26_4,11,274
1,0,2017_Aug_7_14,11,45
1,0,2017_Jul_25_3,11,265
1,0,2017_Jul_31_17,11,308
1,0,2017_Jul_20_3,11,238
1,0,2017_Aug_7_18,11,49
1,0,2017_Aug_21_4,11,166
1,0,2017_Jul_17_6,11,220
1,0,2017_Jul_27_0,11,280
1,0,2017_Oct_6_7,12,89
1,0,2017_Sep_30_15,12,469
1,0,2017_Sep_12_14,12,256
0,0,2017_Oct_9_11,12,100
1,0,2017_Sep_23_2,12,369
1,0,2017_Sep_27_6,12,432
1,0,2017_Oct_18_6,12,191
1,0,2017_Oct_17_6,12,177
1,0,2017_Sep_11_17,12,231
1,0,2017_Sep_12_4,12,260
1,0,2017_Sep_8_4,12,209
1,0,2017_Sep_21_2,12,346
1,0,2017_Oct_8_1,12,96
0,0,2017_Oct_2_7,12,26
1,0,2017_Sep_9_6,12,220
1,0,2017_Sep_25_12,12,389
1,0,2017_Sep_29_7,12,460
1,0,2017_Sep_18_18,12,301
1,1,2017_Sep_26_8,12,422
1,1,2017_Oct_5_10,12,56
1,0,2017_Oct_10_5,12,122
1,0,2017_Sep_29_6,12,459
1,0,2017_Sep_21_1,12,345
1,0,2017_Sep_21_0,12,343
1,0,2017_Sep_18_0,12,292
1,0,2017_Sep_14_0,12,273
0,0,2017_Oct_2_17,12,12
1,0,2017_Oct_9_5,12,105
1,0,2017_Sep_25_20,12,398
1,0,2017_Oct_9_6,12,106
1,2,2017_Oct_5_5,12,65
0,0,2017_Oct_6_19,12,80
1,0,2017_Sep_30_5,12,474
0,0,2017_Oct_2_18,12,13
1,0,2017_Oct_6_12,12,73
1,0,2017_Sep_28_6,12,442
1,0,2017_Sep_27_1,12,427
0,0,2017_Sep_24_12,12,376
1,0,2017_Sep_19_10,12,319
1,0,2017_Oct_16_2,12,162
1,0,2017_Oct_6_10,12,71
1,0,2017_Sep_29_13,12,450
1,0,2017_Sep_21_5,12,349
1,0,2017_Sep_12_12,12,255
1,0,2017_Sep_8_1,12,206
1,0,2017_Sep_12_7,12,263
2,0,2017_Sep_9_3,12,217
2,0,2017_Sep_18_7,12,315
2,0,2017_Sep_18_25,12,309
2,2,2017_Sep_28_1,12,437
2,0,2017_Sep_26_11,12,409
2,0,2017_Sep_9_5,12,219
2,2,2017_Oct_19_3,12,198
2,2,2017_Sep_30_7,12,476
2,2,2017_Sep_11_1,12,234
2,2,2017_Sep_11_14,12,228
2,2,2017_Sep_15_1,12,281
2,0,2017_Sep_13_1,12,267
2,2,2017_Oct_5_6,12,66
0,0,2017_Sep_11_27,12,242
2,0,2017_Sep_12_8,12,264
2,0,2017_Oct_16_0,12,148
2,0,2017_Sep_25_18,12,395
2,0,2017_Sep_18_1,12,303
2,1,2017_Sep_28_7,12,443
0,0,2017_Oct_6_4,12,86
2,0,2017_Oct_17_0,12,170
2,0,2017_Sep_29_15,12,452
2,2,2017_Oct_16_6,12,166
2,2,2017_Sep_18_17,12,300
0,0,2017_Sep_11_26,12,241
0,0,2017_Oct_4_8,12,53
2,0,2017_Oct_3_6,12,39
2,2,2017_Sep_18_6,12,314
2,0,2017_Oct_18_2,12,187
0,0,2017_Oct_16_14,12,153
2,2,2017_Oct_6_20,12,82
2,2,2017_Oct_14_0,12,135
2,0,2017_Sep_11_22,12,237
2,0,2017_Oct_18_9,12,194
2,0,2017_Oct_15_2,12,146
2,2,2017_Oct_6_21,12,83
2,2,2017_Sep_15_3,12,283
2,0,2017_Oct_6_5,12,87
0,0,2017_Sep_11_11,12,225
2,0,2017_Oct_5_13,12,59
2,2,2017_Sep_26_12,12,410
2,2,2017_Oct_2_11,12,6
2,0,2017_Dec_7_3,13,39
2,0,2017_Nov_14_8,13,201
0,0,2017_Dec_6_12,13,25
2,2,2017_Nov_3_1,13,101
2,0,2017_Nov_13_3,13,176
2,2,2017_Nov_27_2,13,272
2,2,2017_Nov_15_10,13,204
2,0,2017_Nov_8_6,13,150
0,0,2017_Dec_11_8,13,69
2,2,2017_Nov_8_8,13,152
2,0,2017_Nov_3_8,13,108
2,0,2017_Nov_5_1,13,120
2,0,2017_Nov_4_8,13,118
2,0,2017_Nov_25_1,13,262
2,2,2017_Nov_5_2,13,121
2,2,2017_Nov_16_5,13,222
2,0,2017_Dec_8_0,13,44
2,0,2017_Nov_14_1,13,194
0,0,2017_Nov_14_11,13,185
0,0,2017_Dec_6_13,13,26
2,1,2017_Nov_13_14,13,166
2,2,2017_Nov_16_6,13,223
2,0,2017_Nov_7_6,13,140
2,0,2017_Nov_8_0,13,144
2,2,2017_Dec_4_0,13,12
2,2,2017_Dec_6_8,13,34
2,0,2017_Dec_14_0,13,89
2,2,2017_Dec_6_7,13,33
2,2,2017_Nov_9_2,13,154
2,2,2017_Dec_4_2,13,14
2,0,2017_Nov_17_8,13,235
2,2,2017_Dec_7_7,13,43
0,0,2017_Dec_6_9,13,35
2,1,2017_Nov_7_8,13,142
2,0,2017_Nov_19_5,13,241
2,1,2017_Nov_27_5,13,275
2,0,2017_Nov_14_13,13,187
2,2,2017_Nov_7_11,13,133
2,2,2017_Dec_11_1,13,62
2,2,2017_Dec_4_1,13,13
2,0,2017_Dec_13_8,13,88
2,0,2017_Dec_11_15,13,59
2,0,2017_Dec_7_0,13,36
2,0,2017_Nov_4_5,13,115
2,2,2017_Dec_4_4,13,16
2,2,2017_Dec_2_3,13,3
2,0,2017_Nov_7_7,13,141
0,0,2017_Nov_3_4,13,104
